trial;loss-1;rewards/accuracies-1;rewards/margins-1;loss-2;rewards/accuracies-2;rewards/margins-2;loss-3;rewards/accuracies-3;rewards/margins-3;loss-4;rewards/accuracies-4;rewards/margins-4;loss-5;rewards/accuracies-5;rewards/margins-5;loss-6;rewards/accuracies-6;rewards/margins-6;loss-7;rewards/accuracies-7;rewards/margins-7;loss-8;rewards/accuracies-8;rewards/margins-8;loss-9;rewards/accuracies-9;rewards/margins-9;loss-10;rewards/accuracies-10;rewards/margins-10
"(learning_rate=1e-6, warmup_ratio=0, weight_decay=0, beta=0.1, lr_scheduler_type=""linear"")";24,19;0,66;0;23,54;0,78;0,01;23,19;0,63;0,02;;;;;;;;;;;;;;;;;;;;;
"(learning_rate=1e-5, warmup_ratio=0, weight_decay=0, beta=0.1, lr_scheduler_type=""linear"")";22,04;0,68;0,08;20,85;0,64;0,11;20,43;0,59;0,12;;;;;;;;;;;;;;;;;;;;;
"(learning_rate=5e-6, warmup_ratio=0, weight_decay=0, beta=0.1, lr_scheduler_type=""linear"")";22,27;0,66;0,05;20,73;0,69;0,09;19,98;0,69;0,1;;;;;;;;;;;;;;;;;;;;;
"(learning_rate=5e-6, warmup_ratio=0.1, weight_decay=0, beta=0.1, lr_scheduler_type=""linear"")";21,69;0,64;0,05;20,31;0,66;0,09;19,7;0,68;0,11;;;;;;;;;;;;;;;;;;;;;
"(learning_rate=5e-6,  warmup_ratio=0.1, weight_decay=0.01, beta=0.1, lr_scheduler_type=""linear"")";21,67;0,64;0,05;20,64;0,62;0,08;19,69;0,7;0,1;;;;;;;;;;;;;;;;;;;;;
"(learning_rate=5e-6, warmup_ratio=0.1, weight_decay=0.01, beta=0.2, lr_scheduler_type=""linear"")";5,42;0,61;0,08;5,27;0,62;0,1;5,1;0,65;0,13;;;;;;;;;;;;;;;;;;;;;
"(learning_rate=7e-6, warmup_ratio=0.1, weight_decay=0.01, beta=0.15, lr_scheduler_type=""cosine"")";9,52;0,61;0,08;9,53;0,64;0,12;9,14;0,67;0,15;9,62;0,61;0,16;9,62;0,62;0,16;;;;;;;;;;;;;;;
"(learning_rate=6e-6, warmup_ratio=0.1, weight_decay=0.01,  beta=0.15, lr_scheduler_type=""linear"")";9,52;0,61;0,07;9,53;0,67;0,11;8,85;0,7;0,14;9,52;0,61;0,15;9,31;0,65;0,15;;;;;;;;;;;;;;;
"(learning_rate=5e-6, warmup_ratio=0.1, weight_decay=0.01, beta=0.10, lr_scheduler_type=""cosine_with_restarts"")";21,86;0,65;0,04;20,34;0,68;0,1;19,97;0,69;0,13;20,07;0,67;0,13;20;0,67;0,14;;;;;;;;;;;;;;;
"(learning_rate=6e-6, warmup_ratio=0.3, weight_decay=0.01, beta=0.2, lr_scheduler_type=""linear"")";5,4;0,64;0,05;5,65;0,62;0,11;4,8;0,64;0,15;5,12;0,64;0,17;5,22;0,62;0,16;;;;;;;;;;;;;;;
"(learning_rate=7e-6, warmup_ratio=0.15, weight_decay=0.02, beta=0.15, lr_scheduler_type=""linear"")";9,5;0,64;0,07;9,51;0,62;0,12;8,54;0,62;0,15;9,16;0,62;0,16;9,33;0,62;0,16;;;;;;;;;;;;;;;
"(learning_rate=5e-6, warmup_ratio=0.2, weight_decay=0.01, beta=0.10, lr_scheduler_type=""cosine"")";22,3;0,61;0,03;20,82;0,64;0,09;20,35;0,66;0,12;20,34;0,63;0,14;20,53;0,6;0,14;;;;;;;;;;;;;;;
"(learning_rate=4e-6, warmup_ratio=0.1, weight_decay=0.005, beta=0.15, lr_scheduler_type=""linear"")";9,59;0,65;0,05;9,44;0,63;0,1;9,04;0,62;0,13;9,25;0,64;0,14;9,32;0,64;0,14;;;;;;;;;;;;;;;
"(learning_rate=6e-6, warmup_ratio=0.15, weight_decay=0.01, beta=0.25, lr_scheduler_type=""linear"")";3,39;0,61;0,1;3,5;0,58;0,11;3,3;0,68;0,16;3,37;0,61;0,16;3,43;0,6;0,16;;;;;;;;;;;;;;;
"(learning_rate=5e-6, warmup_ratio=0.2, weight_decay=0.015, beta=0.225, lr_scheduler_type=""linear"")";4,2;0,62;0,07;4,25;0,68;0,11;3,96;0,69;0,16;4,27;0,61;0,16;4,28;0,61;0,16;;;;;;;;;;;;;;;
"(learning_rate=5e-6, warmup_ratio=0.25, weight_decay=0.02, beta=0.2, lr_scheduler_type=""linear"")";5,39;0,62;0,05;5,4;0,68;0,12;5,14;0,67;0,14;5,33;0,62;0,15;5,34;0,64;0,16;;;;;;;;;;;;;;;
"(learning_rate=5e-6, warmup_ratio=0.1, weight_decay=0.01, beta=0.15, lr_scheduler_type=""linear"")";9,61;0,65;0,05;9,4;0,68;0,11;9,12;0,65;0,14;9,49;0,64;0,15;9,14;0,62;0,16;9,09;0,62;0,18;9,41;0,6;0,18;9,72;0,62;0,18;9,76;0,6;0,18;9,74;0,58;0,19
"(learning_rate=6e-6, warmup_ratio=0.2, weight_decay=0.02, beta=0.1, lr_scheduler_type=""cosine_with_restarts"")";23,18;0,62;0,02;20,98;0,66;0,09;20,3;0,69;0,13;20,45;0,67;0,14;18,97;0,65;0,15;19,18;0,68;0,18;19,84;0,64;0,18;20,31;0,65;0,19;20,32;0,61;0,19;20,3;0,64;0,19
"(learning_rate=5e-6, warmup_ratio=0.1, weight_decay=0.01, beta=0.1, lr_scheduler_type=""linear"")";22,3;0,61;0,03;20,84;0,64;0,09;19,92;0,67;0,12;20,14;0,62;0,13;19,99;0,64;0,15;20;0,62;0,16;20,43;0,67;0,17;20,95;0,64;0,17;20,84;0,63;0,18;20,92;0,62;0,18
"(learning_rate=5.5e-6, warmup_ratio=0.25, weight_decay=0.0175, beta=0.275, lr_scheduler_type=""linear"")";2,93;0,6;0,04;3,02;0,62;0,11;2,75;0,61;0,13;2,74;0,54;0,12;2,89;0,64;0,16;2,76;0,64;0,16;3,16;0,64;0,21;2,97;0,52;0,17;3;0,56;0,19;2,99;0,52;0,19
"(learning_rate=5e-6, warmup_ratio=0.15, weight_decay=0.02, beta=0.25, lr_scheduler_type=""linear"")";3,47;0,61;0,05;3,62;0,62;0,12;3,21;0,65;0,15;3,35;0,62;0,13;3,63;0,64;0,17;3,35;0,62;0,17;3,7;0,58;0,2;3,65;0,56;0,18;3,62;0,58;0,19;3,67;0,57;0,19
"(learning_rate=5.5e-6, warmup_ratio=0.25, weight_decay=0.0175, beta=0.275, lr_scheduler_type=""linear"")";2,93;0,6;0,04;3,02;0,62;0,11;2,75;0,61;0,13;2,74;0,54;0,12;2,89;0,64;0,16;;;;;;;;;;;;;;;
"(learning_rate=5.5e-6, warmup_ratio=0.175, weight_decay=0.0125, beta=0.2375, lr_scheduler_type=""linear"")";3,87;0,58;0,05;4,05;0,62;0,12;3,46;0,64;0,14;;;;;;;;;;;;;;;;;;;;;
